# {"env_id": "ReacherPyBulletEnv-v0", "t_start": 1552523484.6157918} 
r,l,t
16.50526,150,2.06672
-1.452557,150,2.544235
-15.339402,150,3.025103
-5.504015,150,3.508282
-22.285626,150,3.992936
-18.869368,150,4.514498
-42.168603,150,4.995332
-32.731796,150,5.483121
-8.367622,150,5.958358
-29.773079,150,6.452764
-19.478714,150,6.936391
-43.260455,150,7.425421
-26.837668,150,7.90698
-22.290218,150,8.647477
-25.169754,150,9.147061
-7.761734,150,9.659552
-2.810603,150,10.166368
-6.120809,150,10.681786
-17.117469,150,11.193066
-35.749332,150,11.700849
-44.967227,150,12.210798
-20.662852,150,12.714087
-28.265587,150,13.229846
-22.428615,150,13.742715
-18.28724,150,14.256967
-13.304408,150,14.768603
-4.131775,150,15.292819
-27.346363,150,15.966398
-12.182896,150,16.475765
-20.024184,150,16.994872
-22.384946,150,17.511402
-6.315023,150,18.026839
-19.169213,150,18.511923
-40.056725,150,18.992845
-26.907719,150,19.471338
-18.724016,150,19.963759
-4.857716,150,20.452537
-25.550935,150,20.93269
-18.992621,150,21.428421
-40.139747,150,21.917379
3.125524,150,22.552399
-17.166238,150,23.018084
-39.207744,150,23.494116
-20.656871,150,23.965761
-8.611719,150,24.448181
-0.525141,150,24.925039
-9.961454,150,25.400027
-21.218822,150,25.88423
3.096658,150,26.361707
-22.284962,150,26.839044
-37.755495,150,27.30655
-51.645529,150,27.791815
-4.209124,150,28.268412
-29.618888,150,28.755162
-4.405681,150,29.396411
-19.98835,150,29.898983
-13.364778,150,30.373648
-12.558945,150,30.851751
-24.845985,150,31.323818
-12.49967,150,31.79529
-10.71162,150,32.276801
-17.12606,150,32.74829
-23.84427,150,33.22555
-6.947348,150,33.7056
-14.245876,150,34.182062
3.404684,150,34.648738
-4.398803,150,35.133471
-18.786017,150,35.614964
-23.925419,150,36.235166
-36.524094,150,36.697858
-37.203175,150,37.180257
-21.35072,150,37.65732
-13.75008,150,38.137327
-19.791926,150,38.613114
-13.87043,150,39.097874
-8.071258,150,39.576278
-21.965372,150,40.055058
-17.927182,150,40.536788
-35.626356,150,41.009228
-21.826863,150,41.492159
4.126345,150,41.970659
-25.752221,150,42.603487
-24.341212,150,43.084526
-28.259241,150,43.561697
-13.402233,150,44.036154
-16.715012,150,44.522551
-28.353359,150,45.012398
-9.1472,150,45.494027
-23.435074,150,45.961007
-15.203347,150,46.439827
-26.161362,150,46.909319
-23.97533,150,47.381403
-33.820064,150,47.861803
-21.414471,150,48.334584
-16.237435,150,48.808014
-18.297801,150,49.421873
-13.789045,150,49.911925
-11.118775,150,50.385911
9.21551,150,50.844684
-9.245441,150,51.317842
-10.322963,150,51.79119
-14.260508,150,52.26608
-5.272362,150,52.743112
5.434223,150,53.208319
-16.306141,150,53.67258
-14.089529,150,54.140412
-24.939489,150,54.619375
-11.0132,150,55.086142
-3.614528,150,55.565076
-30.402814,150,56.173355
-2.777421,150,56.647393
1.55267,150,57.119526
-35.149992,150,57.594503
-18.881903,150,58.06071
-18.597795,150,58.541597
-21.250816,150,59.017292
-17.182182,150,59.497214
-13.751613,150,59.969061
-29.035307,150,60.447623
-17.249776,150,60.919307
-30.776914,150,61.387885
-24.181599,150,61.855087
-32.262799,150,62.474615
-3.907824,150,62.951505
17.259272,150,63.425591
-25.192391,150,63.898145
-8.140778,150,64.374709
-15.447851,150,64.847383
-5.388138,150,65.317733
-15.333814,150,65.795241
-24.602238,150,66.271006
-14.946699,150,66.744664
-4.81051,150,67.222905
-17.350866,150,67.694941
-17.246386,150,68.179831
-14.60462,150,68.661617
-44.770271,150,69.28122
1.406605,150,69.754272
-19.470146,150,70.223169
-13.694517,150,70.692931
-11.557057,150,71.164396
-26.970899,150,71.640564
-18.923862,150,72.112417
-15.92409,150,72.586507
-33.626961,150,73.063288
-12.853548,150,73.546414
1.289932,150,74.024437
-30.902472,150,74.497228
-28.311245,150,74.983214
-12.180321,150,75.466265
-7.816843,150,76.069035
-9.458552,150,76.540884
-15.23469,150,77.013856
-19.419394,150,77.487638
-18.422786,150,77.962901
-13.20594,150,78.442401
-13.821026,150,78.912413
-27.751187,150,79.392745
-16.353521,150,79.877904
-14.305251,150,80.355481
12.945909,150,80.829126
-20.204744,150,81.295027
-17.505765,150,81.775087
-13.150017,150,82.385504
-17.363738,150,82.851587
-23.811318,150,83.325819
-18.992177,150,83.796643
-14.823577,150,84.275167
3.564927,150,84.754068
-15.267361,150,85.235342
-7.361327,150,85.711653
-26.003817,150,86.183223
-26.77051,150,86.660908
-18.267356,150,87.142771
2.497102,150,87.617337
-0.466883,150,88.090521
-31.419164,150,88.559925
-22.564434,150,89.164391
-23.426379,150,89.652729
3.960994,150,90.123989
-43.593182,150,90.595539
2.821771,150,91.060998
-2.199322,150,91.538509
-15.099777,150,92.017766
-14.657485,150,92.490875
-1.755899,150,92.96672
-11.355668,150,93.439053
-10.833291,150,93.919672
-21.512926,150,94.386278
-16.839195,150,94.865914
-10.96137,150,95.343886
3.987794,150,95.952712
4.223796,150,96.417443
-13.560036,150,96.8936
-10.43586,150,97.365617
-14.363346,150,97.842401
-16.161568,150,98.314143
-15.986222,150,98.792902
-16.079803,150,99.26881
-31.620186,150,99.743552
-11.950272,150,100.21419
-13.436846,150,100.703055
-6.619682,150,101.170198
-17.29443,150,101.649212
-7.602577,150,102.260096
-31.218945,150,102.727
0.971198,150,103.198903
-3.532375,150,103.669046
-26.075581,150,104.143266
-31.930797,150,104.617291
-24.249295,150,105.085245
-3.403929,150,105.563854
-6.499862,150,106.043012
-5.032732,150,106.517717
-1.637754,150,106.999284
-2.30469,150,107.474946
-0.547229,150,107.955329
3.816511,150,108.437229
-8.880841,150,109.036462
1.996626,150,109.511234
-5.895004,150,109.994567
-16.681085,150,110.484303
-10.008623,150,110.963738
-22.476588,150,111.433133
-10.036556,150,111.911836
-23.684726,150,112.392607
-2.40883,150,112.866085
-14.012875,150,113.336447
-15.111492,150,113.800414
-7.182905,150,114.277799
-15.445134,150,114.752601
-1.136131,150,115.224035
-0.887549,150,115.838192
-8.567655,150,116.304747
-13.826364,150,116.786468
-6.173033,150,117.261215
-11.734816,150,117.753057
-25.636869,150,118.254887
-17.097492,150,118.751163
-17.292118,150,119.233329
-27.106394,150,119.7213
-15.080852,150,120.209059
-17.609865,150,120.68944
-0.480419,150,121.164021
-13.881318,150,121.652648
-16.827088,150,122.28529
-27.920215,150,122.774374
-12.954014,150,123.272182
-16.982413,150,123.778384
-30.488511,150,124.266836
-2.929738,150,124.761203
5.919612,150,125.25255
-29.201474,150,125.73821
-10.476754,150,126.231101
-27.53681,150,126.715826
-15.616064,150,127.208133
-35.458975,150,127.683998
2.449422,150,128.1613
-2.445314,150,128.64339
-17.975966,150,129.282704
-24.983888,150,129.761116
-6.247576,150,130.252493
-2.131377,150,130.738759
-14.772337,150,131.233128
-27.868592,150,131.714191
-13.370536,150,132.207121
-1.665095,150,132.701131
-21.028873,150,133.180549
-14.870021,150,133.666994
-22.977235,150,134.146617
-13.306862,150,134.642674
1.340569,150,135.137446
-6.145355,150,135.631767
-7.853241,150,136.283606
1.132041,150,136.768384
-3.05287,150,137.25605
-24.146362,150,137.743204
-24.868627,150,138.245532
-10.585272,150,138.727625
6.516136,150,139.229151
-18.757322,150,139.724601
-9.058171,150,140.227395
-11.336881,150,140.716152
-2.258975,150,141.215756
-10.932121,150,141.717806
-28.214283,150,142.203967
0.217978,150,142.831272
-10.829728,150,143.31668
-31.895662,150,143.809891
-14.861248,150,144.311087
-28.489081,150,144.799559
-11.871264,150,145.293707
-23.335037,150,145.775432
1.066296,150,146.265768
-10.579072,150,146.756626
0.817656,150,147.238571
-9.137611,150,147.730987
-24.370065,150,148.218962
-8.847515,150,148.711203
-19.255631,150,149.207364
-2.324215,150,149.841712
-3.594189,150,150.328774
-10.31446,150,150.819962
-19.03038,150,151.307279
-10.111185,150,151.79825
-16.85492,150,152.278008
-7.555546,150,152.753052
-2.016733,150,153.22904
-22.658701,150,153.70632
0.016546,150,154.185998
-5.047753,150,154.664286
5.883132,150,155.146515
-11.708261,150,155.623235
-21.59918,150,156.103713
1.481925,150,156.741024
1.961861,150,157.230864
-2.282143,150,157.718643
-25.321794,150,158.206225
-8.48266,150,158.691095
-7.566254,150,159.165543
5.796496,150,159.655628
11.847542,150,160.137235
-7.141031,150,160.623178
-11.267077,150,161.099248
-15.114625,150,161.587627
-9.515539,150,162.093662
-18.646659,150,162.584445
-4.874783,150,163.21173
-12.357461,150,163.700198
-19.937774,150,164.195785
-19.37315,150,164.687557
-6.493014,150,165.184638
-10.235809,150,165.657564
-1.508929,150,166.132282
3.694681,150,166.611819
-24.394942,150,167.104954
0.657364,150,167.581114
-2.612984,150,168.061161
-13.769815,150,168.533068
-15.094857,150,169.018093
5.210443,150,169.505134
-20.232412,150,170.154676
-1.847843,150,170.654339
-6.23684,150,171.151648
-46.138993,150,171.649855
-33.028589,150,172.137267
-7.175695,150,172.622513
-23.738441,150,173.110711
9.153364,150,173.601172
-19.582515,150,174.09258
-36.62124,150,174.58467
-5.947149,150,175.071524
-16.743828,150,175.566386
-6.429382,150,176.062373
-10.986723,150,176.701288
-11.348817,150,177.181133
-14.752551,150,177.670908
3.509245,150,178.155846
-12.82384,150,178.641533
-7.06777,150,179.132943
-23.592991,150,179.623943
-2.764953,150,180.117329
-13.615633,150,180.605954
-30.209719,150,181.101386
-21.408511,150,181.601068
4.745442,150,182.083538
-5.711435,150,182.565681
-22.569656,150,183.02998
-36.133219,150,183.6545
-31.262041,150,184.136494
-15.155912,150,184.617086
-14.472491,150,185.086982
-1.477844,150,185.568508
-29.968436,150,186.045508
-6.642923,150,186.534657
-26.795773,150,187.005926
-21.635018,150,187.49728
-53.982657,150,187.98219
-14.426468,150,188.459966
1.719098,150,188.938598
-12.474568,150,189.416608
-0.146811,150,189.89234
-13.618952,150,190.52355
-16.014447,150,190.997109
-31.156194,150,191.482628
5.420574,150,191.971189
-35.179827,150,192.440633
-7.624901,150,192.910673
-10.486281,150,193.378927
8.283792,150,193.851367
-0.230494,150,194.327494
-14.015276,150,194.801842
-1.010752,150,195.303639
-5.233213,150,195.783693
-23.951201,150,196.26128
3.564441,150,196.882042
-3.864801,150,197.350935
-22.912647,150,197.832669
-1.741482,150,198.313798
-25.111513,150,198.815296
-24.26358,150,199.311688
-29.491526,150,199.809026
-5.468943,150,200.3044
5.553464,150,200.800668
3.865396,150,201.287871
-18.670551,150,201.780775
-19.561451,150,202.285311
-13.130249,150,202.776347
-4.459114,150,203.267664
-12.438994,150,203.904867
-29.393299,150,204.391511
-1.305313,150,204.884087
-10.554877,150,205.379071
-10.544695,150,205.857727
-24.080454,150,206.336092
-12.998684,150,206.820518
-7.543373,150,207.290991
-24.433026,150,207.7837
-5.327081,150,208.274678
-18.090017,150,208.764126
-21.445504,150,209.254266
-31.206405,150,209.734262
-4.558224,150,210.209543
-2.969406,150,210.831086
-13.842196,150,211.306325
-13.808693,150,211.786554
-20.158008,150,212.269089
11.670084,150,212.745332
-24.63995,150,213.219796
2.297145,150,213.700241
-11.796606,150,214.188057
-2.402722,150,214.662367
-15.617676,150,215.141193
-26.10176,150,215.619331
-3.711499,150,216.09835
11.023132,150,216.587382
-15.524155,150,217.222524
-35.892789,150,217.696756
-3.841565,150,218.17079
2.181047,150,218.648339
-1.662309,150,219.124355
-18.307793,150,219.597092
-20.275565,150,220.064731
4.166255,150,220.53625
-22.257096,150,221.007545
-24.359731,150,221.471945
-12.304687,150,221.95358
-11.155485,150,222.431892
-20.500732,150,222.908727
-8.987026,150,223.395662
-3.067019,150,224.040211
-14.259035,150,224.524361
-26.639167,150,225.016646
-28.629113,150,225.512222
3.042913,150,226.008765
-15.153034,150,226.520861
-13.008819,150,227.011068
-21.992884,150,227.496507
-18.115139,150,227.985962
1.147643,150,228.467367
3.787319,150,228.945005
-23.643207,150,229.427467
-31.17553,150,229.917442
7.36441,150,230.41432
1.87159,150,231.054425
-18.546865,150,231.539746
-11.494885,150,232.022093
1.391736,150,232.511462
-10.369504,150,232.993911
-16.314629,150,233.485867
-10.894552,150,233.967163
-1.62029,150,234.441215
-15.173748,150,234.932832
-17.891645,150,235.411599
-18.977163,150,235.892834
-15.494435,150,236.377224
-9.124782,150,236.860332
-4.874059,150,237.483255
-18.11988,150,237.961916
-13.206679,150,238.427946
-5.549015,150,238.902397
-1.136337,150,239.372736
-3.612441,150,239.845132
-35.457037,150,240.332012
-0.251932,150,240.805055
-15.302755,150,241.283234
-13.48402,150,241.761029
-34.634221,150,242.237503
-4.981088,150,242.715173
-33.980524,150,243.185934
8.88871,150,243.663556
-12.01018,150,244.272342
-8.291907,150,244.764935
-2.488562,150,245.244484
-7.024806,150,245.729118
-5.908101,150,246.217373
-18.929855,150,246.702351
-27.910946,150,247.191268
-22.614156,150,247.689713
-23.866573,150,248.187068
-14.252643,150,248.669847
0.744314,150,249.158464
-9.657984,150,249.647198
-12.906055,150,250.139772
-9.74838,150,250.624181
-16.949449,150,251.250659
-10.007952,150,251.746119
-31.158077,150,252.227037
-9.717186,150,252.707976
-30.992465,150,253.186806
1.676195,150,253.672371
-0.266741,150,254.158816
-13.242409,150,254.651616
-4.484971,150,255.143626
-0.393459,150,255.631379
5.470673,150,256.116875
-6.356246,150,256.611586
-13.23763,150,257.105423
-2.450201,150,257.751964
4.830509,150,258.238255
-7.413017,150,258.724173
-9.771035,150,259.220509
-16.211117,150,259.711149
2.672218,150,260.194801
-11.154125,150,260.667426
-4.077136,150,261.132111
-7.671811,150,261.61276
-12.695121,150,262.082517
-12.807989,150,262.556385
2.739266,150,263.033878
0.119278,150,263.507509
-16.46354,150,263.978296
-15.750017,150,264.594304
-6.601044,150,265.069936
-8.70265,150,265.535768
-23.295981,150,266.015806
-9.159859,150,266.492984
-33.763999,150,266.966689
-6.956948,150,267.437516
-5.924246,150,267.908103
-12.712832,150,268.382935
-3.755532,150,268.856091
-0.411908,150,269.332543
-28.667245,150,269.808987
-0.917007,150,270.291471
-11.333193,150,270.768631
-10.592735,150,271.392081
-11.731588,150,271.902773
-2.612335,150,272.410239
-1.717381,150,272.924853
-4.35775,150,273.452816
-1.619653,150,273.962225
-13.5543,150,274.492692
-8.62189,150,275.00849
-8.271979,150,275.5377
-14.769473,150,276.049877
-7.123849,150,276.564757
-6.619266,150,277.036746
-9.877911,150,277.517827
-26.419747,150,278.134871
-0.981022,150,278.607004
-2.311718,150,279.091316
-2.255529,150,279.565947
-25.794588,150,280.029001
-8.279488,150,280.498635
-12.945556,150,280.968522
-11.108361,150,281.444008
-29.928524,150,281.911658
-9.649343,150,282.379015
-13.911444,150,282.851192
-8.904665,150,283.318442
-0.24023,150,283.792402
-27.56078,150,284.26512
-13.777375,150,284.893288
-17.32959,150,285.375121
-14.963227,150,285.845269
1.840476,150,286.332322
-8.500745,150,286.818034
-13.998051,150,287.300303
-18.5631,150,287.790238
-3.501158,150,288.265124
-20.64251,150,288.749371
1.133539,150,289.230669
-9.601253,150,289.716602
-2.513562,150,290.19435
-17.566407,150,290.676201
-14.395289,150,291.156645
-21.44175,150,291.790576
-17.510486,150,292.281334
1.484064,150,292.766299
-21.337734,150,293.238683
6.692724,150,293.716502
-15.515694,150,294.190489
-13.633889,150,294.657964
-6.781702,150,295.137061
-26.010185,150,295.621732
-18.21217,150,296.100482
-17.336673,150,296.572171
0.107549,150,297.050971
-33.854456,150,297.521123
-8.848296,150,298.142666
-3.168166,150,298.601058
-4.248892,150,299.092933
-0.715055,150,299.570386
-23.244814,150,300.040152
-39.138926,150,300.51949
-1.538907,150,301.001219
-6.16619,150,301.474377
-29.480081,150,301.945904
-16.120295,150,302.422119
7.198894,150,302.89599
-6.924196,150,303.366623
-10.732612,150,303.842812
-12.167032,150,304.312557
-21.546035,150,304.919878
-15.751017,150,305.389459
-17.823195,150,305.856232
-24.051825,150,306.329216
-14.534362,150,306.806199
-29.367843,150,307.285441
-23.123415,150,307.770167
2.604704,150,308.243008
-23.986174,150,308.719468
-12.77143,150,309.182073
-16.460549,150,309.659187
-3.681661,150,310.139474
-33.54762,150,310.60853
-29.890582,150,311.078659
5.34068,150,311.682035
-22.252052,150,312.160546
0.535636,150,312.642488
-9.922252,150,313.121448
-31.953524,150,313.591205
5.249791,150,314.062512
-13.497022,150,314.542982
-9.626007,150,315.019339
-23.218418,150,315.489168
-16.738962,150,315.96552
-14.36784,150,316.43942
-4.616385,150,316.910166
-6.534701,150,317.386286
-15.648758,150,318.007574
-12.320075,150,318.496564
2.001997,150,319.010231
2.044219,150,319.523011
-23.000954,150,320.043401
-0.554436,150,320.553513
-2.187864,150,321.066913
-12.394045,150,321.586934
-19.73592,150,322.098057
-17.636318,150,322.611338
-12.929356,150,323.120308
-16.745674,150,323.633781
-14.47525,150,324.139046
-6.710411,150,324.658088
-20.093477,150,325.311062
-9.601241,150,325.816398
-23.274103,150,326.326984
-12.609905,150,326.833632
-2.336341,150,327.34072
-13.787113,150,327.844188
3.824248,150,328.358149
-30.75808,150,328.839822
-18.300927,150,329.318231
-7.998605,150,329.791532
-9.882462,150,330.269808
-2.770692,150,330.74392
-1.58251,150,331.221347
-13.094984,150,331.697054
-14.307205,150,332.328573
1.746776,150,332.804548
-11.889459,150,333.277773
-9.817853,150,333.755856
-25.132244,150,334.224847
-4.195347,150,334.701624
-21.24172,150,335.168431
-17.395837,150,335.64213
-2.879821,150,336.114533
-17.018429,150,336.58618
-13.360291,150,337.065809
-15.175885,150,337.555854
-15.551853,150,338.036877
-21.479747,150,338.661107
-16.189285,150,339.128718
-18.358004,150,339.592262
-21.522322,150,340.067469
-6.402111,150,340.547852
7.481946,150,341.020254
-14.892729,150,341.482287
-17.888432,150,341.958164
-12.316884,150,342.429915
-30.702401,150,342.906435
-31.038064,150,343.384383
-17.677879,150,343.870581
5.024066,150,344.346905
-10.030849,150,344.820673
-3.43362,150,345.433338
-16.111733,150,345.907346
-8.482948,150,346.388872
-16.823076,150,346.875599
-14.558995,150,347.363931
6.933397,150,347.850888
-9.26721,150,348.33401
-2.651279,150,348.830831
-14.720335,150,349.31834
3.950995,150,349.804106
-19.730348,150,350.301321
2.133228,150,350.787308
-8.480473,150,351.276216
-19.423861,150,351.924237
-14.133278,150,352.407077
-24.768047,150,352.891477
-27.634982,150,353.377875
-24.317526,150,353.853149
-9.142159,150,354.332153
-13.94564,150,354.81972
-5.142805,150,355.299898
-4.155541,150,355.773721
-16.870859,150,356.246506
-13.063319,150,356.715204
-17.76564,150,357.18535
-2.927734,150,357.665974
-3.468002,150,358.159734
-23.454443,150,358.800665
-19.726945,150,359.277463
-12.306161,150,359.745386
-9.402377,150,360.228386
-4.682656,150,360.711893
-7.636588,150,361.19087
-15.60185,150,361.66534
-15.870392,150,362.138819
-30.875225,150,362.6215
-12.281387,150,363.09921
-2.216581,150,363.569294
2.82473,150,364.040605
-23.087618,150,364.518766
0.232852,150,364.995366
-1.090827,150,365.613029
-12.376992,150,366.088897
-23.007749,150,366.562502
-27.261405,150,367.0295
-14.961777,150,367.49681
7.671699,150,367.975089
-5.289098,150,368.46056
2.710097,150,368.937113
-13.248032,150,369.422315
-16.141736,150,369.903339
-16.139614,150,370.374707
-11.466809,150,370.854021
1.440893,150,371.327291
-9.796292,150,371.943694
-23.416498,150,372.417153
-25.710367,150,372.894531
-14.767147,150,373.380174
-3.868348,150,373.859087
-10.92298,150,374.337571
-19.682627,150,374.816508
4.132788,150,375.29093
-7.516398,150,375.776218
-7.287827,150,376.257689
7.481867,150,376.731342
-18.935069,150,377.200886
-12.19501,150,377.674692
-8.718106,150,378.142776
-25.801861,150,378.760537
-14.719007,150,379.225873
-20.62441,150,379.684502
-6.227804,150,380.166818
-22.869829,150,380.635339
-17.659392,150,381.111145
-8.002317,150,381.597872
-7.595457,150,382.080058
-0.997718,150,382.562583
-12.775344,150,383.03027
-17.441679,150,383.507605
-19.169822,150,383.984137
-21.103119,150,384.456982
-5.70205,150,384.937186
-11.725869,150,385.565953
5.06759,150,386.053167
5.765906,150,386.54101
-4.220005,150,387.020348
-14.027101,150,387.508795
-1.393434,150,387.983138
-2.414377,150,388.460749
-22.540737,150,388.944793
-24.641684,150,389.415987
7.236364,150,389.899567
-5.683041,150,390.374858
-10.204005,150,390.857956
6.714789,150,391.335514
-6.500235,150,391.951325
-20.993738,150,392.424113
-15.112602,150,392.910065
-2.337984,150,393.38377
1.615886,150,393.857732
-20.155251,150,394.338565
-6.392982,150,394.810446
-1.194347,150,395.27839
4.488888,150,395.754046
-21.384083,150,396.232272
-21.746445,150,396.711362
-10.70237,150,397.183311
-2.750954,150,397.66561
-13.35483,150,398.138713
-20.974048,150,398.760053
-0.188885,150,399.238331
-10.389846,150,399.715472
-21.670188,150,400.189069
3.501173,150,400.658071
-25.044639,150,401.128929
-6.115805,150,401.618033
-10.124288,150,402.104773
-15.581272,150,402.58831
-5.458778,150,403.074536
-23.006282,150,403.553872
-8.57187,150,404.044654
-16.89088,150,404.525362
-1.714153,150,405.016111
-6.80852,150,405.63408
-25.905525,150,406.110986
-1.963558,150,406.586097
-27.986201,150,407.07012
-5.829908,150,407.555896
-11.457491,150,408.035253
3.963131,150,408.509482
-30.959718,150,408.982283
2.44232,150,409.448463
-5.563967,150,409.930651
-19.233161,150,410.410881
2.14293,150,410.899202
-3.948065,150,411.376463
-15.436079,150,411.991436
-10.879277,150,412.462813
-22.138736,150,412.933044
-10.572946,150,413.394188
-17.989126,150,413.877444
-33.725178,150,414.354225
1.39945,150,414.835235
-13.398207,150,415.327013
2.747642,150,415.8142
-3.627353,150,416.295913
-0.066674,150,416.776575
-35.454579,150,417.260471
-25.337642,150,417.734687
-13.736901,150,418.22944
-5.074688,150,418.846263
3.956624,150,419.320633
-19.490237,150,419.802494
-15.629421,150,420.276102
-24.827778,150,420.761438
-10.053733,150,421.248661
-3.528642,150,421.725789
-21.989,150,422.202935
-15.058112,150,422.675868
0.841627,150,423.136634
-1.156706,150,423.609791
4.198381,150,424.08584
-1.694719,150,424.560196
-16.684555,150,425.0364
-7.614047,150,425.669286
-14.118216,150,426.139144
-13.098562,150,426.614198
-15.55776,150,427.091738
-9.998971,150,427.575118
-10.253896,150,428.073325
3.667425,150,428.553602
-19.846283,150,429.034656
-16.55892,150,429.519206
-12.278784,150,430.002012
-9.195027,150,430.482843
-21.784266,150,430.964724
-14.587152,150,431.439008
-19.769064,150,432.057373
-7.795318,150,432.530618
-5.279807,150,433.020419
-7.169241,150,433.513054
-25.774195,150,434.006843
-7.674938,150,434.499865
-3.548295,150,434.985492
-1.028501,150,435.469052
-14.408996,150,435.953894
-22.237154,150,436.443151
-34.880312,150,436.936158
-12.35422,150,437.435263
-17.081865,150,437.928834
-9.852867,150,438.420875
-13.634852,150,439.056657
4.787608,150,439.55013
-11.539846,150,440.032742
-10.197367,150,440.537611
-10.623606,150,441.03894
-2.137748,150,441.536185
-21.518137,150,442.018456
-19.905775,150,442.495973
-22.73139,150,442.982462
-18.366793,150,443.452345
-19.978575,150,443.932609
3.40703,150,444.41551
-12.93452,150,444.887862
-8.294452,150,445.362248
-8.527152,150,445.979055
-21.537445,150,446.453778
-5.288861,150,446.930463
-10.259455,150,447.414988
-16.628768,150,447.881886
1.012696,150,448.349559
-14.437537,150,448.830231
-28.840015,150,449.313327
-14.752177,150,449.793353
-8.333299,150,450.262058
-10.68719,150,450.740743
-10.311505,150,451.207881
-13.362869,150,451.684883
-3.71649,150,452.30024
-5.664045,150,452.770627
-8.954749,150,453.255029
-15.325269,150,453.739985
-22.457584,150,454.217923
-0.545273,150,454.6066
3.838371,150,454.938924
-34.130997,150,455.264171
4.673837,150,455.604494
3.62977,150,455.928034
-21.196028,150,456.251186
-12.597197,150,456.576109
-19.661431,150,456.901456
-15.891261,150,457.231843
-25.580824,150,457.66583
1.587402,150,457.990312
-14.384518,150,458.328613
2.639291,150,458.657348
-3.510421,150,458.982457
-2.362195,150,459.305398
0.131089,150,459.626676
2.467246,150,459.958113
-29.962814,150,460.283902
1.344764,150,460.615345
-9.167496,150,460.933655
-22.866972,150,461.264984
-2.147079,150,461.598789
9.908097,150,461.922626
-0.031297,150,462.365712
-0.816737,150,462.68882
-35.317156,150,463.012642
-29.807347,150,463.338448
-0.45279,150,463.666925
-17.862874,150,464.02303
4.569167,150,464.385632
4.885707,150,464.725154
-26.142495,150,465.067561
-1.369556,150,465.415742
-14.789625,150,465.77706
-21.713228,150,466.130056
-5.032748,150,466.490641
-12.561532,150,466.939741
-3.778353,150,467.260363
-9.528223,150,467.584018
-3.072128,150,467.929717
-10.140035,150,468.266023
-19.661024,150,468.599632
-13.273021,150,468.94414
-7.634569,150,469.276999
-14.142422,150,469.596398
-26.414851,150,469.958599
-5.325307,150,470.294617
0.491429,150,470.64156
-8.40557,150,470.970724
-26.061821,150,471.313705
-1.995411,150,471.783349
-14.509819,150,472.128611
-13.059429,150,472.481914
-23.236931,150,472.839159
-29.18788,150,473.178175
-14.077607,150,473.509954
-12.974242,150,473.843262
-20.950855,150,474.159941
-21.903173,150,474.503969
-35.548384,150,474.841656
-25.065616,150,475.17325
0.58877,150,475.510989
-12.58304,150,475.857629
-17.950534,150,476.180983
-4.761664,150,476.646806
-0.792816,150,476.995384
-23.361634,150,477.32981
-26.321858,150,477.655519
-2.641652,150,477.981119
-19.768957,150,478.302025
-13.871517,150,478.628047
-10.696798,150,478.961319
-16.407484,150,479.310493
-25.179625,150,479.652607
-13.818223,150,479.979256
-11.551279,150,480.306327
-18.14076,150,480.625432
-4.930243,150,481.069961
-9.460365,150,481.42644
-21.859798,150,481.785234
-26.042806,150,482.129099
-25.794152,150,482.452333
-37.419898,150,482.80384
6.047283,150,483.150478
-14.213419,150,483.49654
-2.602279,150,483.871826
-16.738453,150,484.238246
-24.16176,150,484.574903
-8.282554,150,484.914104
0.738487,150,485.26597
-9.906395,150,485.604069
-28.486427,150,486.075192
-32.089638,150,486.450432
1.683553,150,486.81724
-27.27822,150,487.161233
-9.16058,150,487.523699
-3.10551,150,487.871785
-19.519165,150,488.228792
-21.660547,150,488.571353
-8.718826,150,488.911119
2.312006,150,489.239883
-21.133552,150,489.584022
-12.825334,150,489.914973
-9.87442,150,490.236975
-22.641132,150,490.57038
-16.31103,150,491.029213
-9.492113,150,491.385062
-24.411532,150,491.73435
-3.518695,150,492.080246
-13.652216,150,492.413131
-0.180748,150,492.739795
-17.608274,150,493.090304
7.633858,150,493.434524
-24.731931,150,493.76621
-12.274429,150,494.09146
-0.138623,150,494.436527
-7.09101,150,494.791388
-15.457738,150,495.140415
-15.984669,150,495.580111
-41.875352,150,495.927014
-16.883335,150,496.277147
-1.904562,150,496.607398
-23.691856,150,496.931934
-19.376917,150,497.26497
-5.165331,150,497.608747
-17.42316,150,497.967717
-25.840955,150,498.305254
-8.20292,150,498.654702
-4.716294,150,499.034173
-29.28332,150,499.400857
-3.330347,150,499.780523
-26.152063,150,500.150608
-21.717237,150,500.627893
-23.572172,150,500.987141
-10.374806,150,501.322665
-35.206528,150,501.690183
-11.522677,150,502.040691
-24.919062,150,502.406758
-22.273193,150,502.754147
-25.857209,150,503.090366
-4.9583,150,503.441649
-4.106559,150,503.788514
-10.231375,150,504.124646
1.749239,150,504.478983
-3.410887,150,504.804859
-23.047677,150,505.253675
-19.083981,150,505.600888
-6.054004,150,505.949645
-6.686148,150,506.276152
-2.462843,150,506.618154
-19.505045,150,506.954685
-15.350452,150,507.268644
-13.596259,150,507.577904
7.312973,150,507.8872
-35.273539,150,508.205991
-1.832593,150,508.533829
-6.331856,150,508.875231
-2.989378,150,509.208969
-11.159485,150,509.55435
2.850647,150,510.028158
8.135535,150,510.379917
-13.605164,150,510.713567
-7.621965,150,511.056275
-26.233474,150,511.408871
-22.783303,150,511.750678
-5.878526,150,512.084156
-24.267331,150,512.420916
-6.291394,150,512.747867
-2.109917,150,513.093803
-4.998005,150,513.424566
6.428868,150,513.76172
-8.247608,150,514.108173
-13.06388,150,514.460813
-10.10835,150,514.935484
-3.084229,150,515.266793
1.47765,150,515.615327
-18.183611,150,515.956655
-12.833094,150,516.281908
5.478226,150,516.621002
-28.496329,150,517.009708
-10.818989,150,517.381099
-13.653601,150,517.739586
-5.406101,150,518.102013
-10.317968,150,518.450616
-17.75085,150,518.803914
-14.815224,150,519.176561
